case_id,module,input,sha256,reviewed_relevant_source_ids,acceptable_alternative_source_ids,clinician_assessed_outcome,verified_patient_facts,disputed_or_missing_facts,review_rationale,reviewer_name,review_date
SEALED-BLK-01,blackout,data/cases/sealed_review/notes/SEALED-BLK-01.txt,6bbee99301ea35ccf112e241e528d6a537f9b2190361734c64a026be82684940,,,,,,,,
SEALED-BLK-02,blackout,data/cases/sealed_review/notes/SEALED-BLK-02.txt,f0eaa0c9a53f188ba319857d870b002e939c9801b9326111eb12ec8e4972a4af,,,,,,,,
SEALED-DM-01,diabetes,data/cases/sealed_review/notes/SEALED-DM-01.txt,9037bf9ca507c9acae0e7f5038aa6ce87fe0697db6e63b898953b30b9fc1516c,,,,,,,,
SEALED-DM-02,diabetes,data/cases/sealed_review/notes/SEALED-DM-02.txt,72baf4b24ec412086928e4881c2655550eef6bb953d9ddef4f3606db7b91e0d8,,,,,,,,
SEALED-HEAR-01,hearing,data/cases/sealed_review/notes/SEALED-HEAR-01.txt,ed66f1a2be4d339624b532f01e8c7c4bafd0e057a97728fbcdb2c8833eb3ec26,,,,,,,,
SEALED-HEAR-02,hearing,data/cases/sealed_review/notes/SEALED-HEAR-02.txt,5dbe96891a96382d1428682a6fad5905fbac1fc59e800d67182aa170ef54365e,,,,,,,,
SEALED-HTN-01,hypertension,data/cases/sealed_review/notes/SEALED-HTN-01.txt,646533bd225955295d8cd2f2e2259f8cfde95e8a0d09896bd381302a0f299dd2,,,,,,,,
SEALED-HTN-02,hypertension,data/cases/sealed_review/notes/SEALED-HTN-02.txt,b09260725bd84e0300f84adb8b775e804ea9a3d8d5a28b5790f6e1c4fd7725b6,,,,,,,,
SEALED-VIS-01,vision,data/cases/sealed_review/notes/SEALED-VIS-01.txt,87631730e8fa8749d2ff0408a5ca7711d3dd48f0c7efa096d6de74c2c01c58ab,,,,,,,,
SEALED-VIS-02,vision,data/cases/sealed_review/notes/SEALED-VIS-02.txt,f0662cd1bc5d4c2ef7985f1449efc8a6f9d4cfdbe6029421e1757e993a2039cf,,,,,,,,
