source_id,section,printed_page,pdf_page,table_row,source_excerpt_display,reviewed_applicability,reviewed_cross_references,clinician_comments,reviewer_name,review_date
AFTD2022-HTN-COM-001,2.3.1,88,99,Hypertension: unconditional,A person is not fit to hold an unconditional licence: • if the person has blood pressure consistently > 170 systolic or > 100 diastolic (treated or untreated).,,,,,
AFTD2022-HTN-COM-002,2.3.1,88,99,Hypertension: conditional and specialist footnote,"A conditional licence may be considered by the driver licensing authority subject to annual review, taking into account the nature of the driving task and information provided by the treating specialist* as to whether the following criteria are met: • the person is treated with antihypertensive therapy and effective control of hypertension is achieved over a 4-week follow-up period; and • there are no side effects from the medication that will impair safe driving; and • there is no evidence of damage to target organs relevant to driving. * Ongoing fitness to drive for commercial vehicle drivers may be assessed by the treating GP provided this is mutually agreed by the specialist, GP and driver licensing authority. The initial granting of a conditional licence must, however, be based on information provided by the specialist.",,,,,
AFTD2022-BLK-COM-001,1.2.1,57,68,Blackout work-up; continuation of general considerations,cardiovascular and neurological investigations and referral to several specialists. People should be advised not to drive until the mechanism is ascertained and the corresponding standard met.,,,,,
AFTD2022-BLK-COM-002,1.2.2,57,68,Provoked vasovagal syncope,"1.2.2. Vasovagal syncope5 The most common cause of transient loss of consciousness is vasovagal syncope (‘fainting’). Where this has been triggered by a well-defined provoking factor or a situation that is unlikely to recur while driving (e.g. prolonged standing, venepuncture or emotional situation), it is not necessary to restrict driving. However, vasovagal syncope may also result from other causes that are not so benign. In such cases, fitness to drive should be assessed according to the cardiovascular conditions standards for syncope (refer to section 2. Cardiovascular conditions).",,,,,
AFTD2022-BLK-COM-003,1.3,59,70,Uncertain blackouts: unconditional,"A person is not fit to hold an unconditional licence: • if the person has experienced blackouts that cannot be diagnosed as syncope, seizure or another condition.",,,,,
AFTD2022-BLK-COM-004,1.3,59,70,Single/clustered uncertain blackout; read all qualifications,"A person should not drive for 5 years following a single blackout of undetermined nature. A person should not drive for 10 years following two or more blackouts of undetermined nature separated by a 24- hour period. A person is not fit to hold an unconditional licence: • if the person has experienced blackouts that cannot be diagnosed as syncope, seizure or another condition. If there has been a single blackout or more than one blackout within a 24-hour period, a conditional licence may be considered by the driver licensing authority subject to at least annual review, taking into account information provided by an appropriate specialist as to whether the following criterion is met: • there have been no further blackouts for at least 5 years.",,,,,
AFTD2022-BLK-COM-005,1.3,59,70,Recurrent uncertain blackout; read all qualifications,"A person should not drive for 10 years following two or more blackouts of undetermined nature separated by a 24- hour period. A person is not fit to hold an unconditional licence: • if the person has experienced blackouts that cannot be diagnosed as syncope, seizure or another condition. If there has been a single blackout or more than one blackout within a 24-hour period, a conditional licence may be considered by the driver licensing authority subject to at least annual review, taking into account information provided by an appropriate specialist as to whether the following criterion is met: • there have been no further blackouts for at least 5 years. If there have been two or more blackouts separated by at least 24 hours, a conditional licence may be considered by the driver licensing authority subject to at least annual review, taking into account information provided by an appropriate specialist as to whether the following criterion is met: • there have been no further blackouts for at least 10 years.",,,,,
AFTD2022-BLK-COM-006,1.3,58,69,Diagnosed blackout cross-referrals,"themselves with the information in this chapter and the tabulated standards before assessing a person’s fitness to drive. Where a firm diagnosis has been made, the standard appropriate to the condition should be referred to in this publication (refer to Figure 6. Management of blackouts and driving). For blackouts due to medical causes not covered in the standard, refer to first principles (refer to Part A section 2. Assessing fitness to drive – general guidance). For blackouts where, after investigation, it is not possible to diagnose one of the conditions covered elsewhere in this publication, refer to the table for blackouts of uncertain nature over the page.",,,,,
AFTD2022-VIS-COM-002,10.3,209,220,Visual acuity: unconditional,A person is not fit to hold an unconditional licence: • if the person’s uncorrected visual acuity is worse than 6/9 in the better eye; or • if the person’s uncorrected visual acuity is worse than 6/18 in either eye.,,,,,
AFTD2022-VIS-COM-003,10.3,209,220,Visual acuity: conditional and qualifications,"A conditional licence may be considered by the driver licensing authority subject to periodic review if the standard is met with corrective lenses*. If the person’s vision is worse than 6/18 in the worse eye, a conditional licence may be considered by the driver licensing authority subject to periodic review, provided the visual acuity in the better eye is 6/9 (with or without corrective lenses*) according to the treating optometrist or ophthalmologist. The driver licensing authority will take into account: • the nature of the driving task; and • the nature of any underlying disorder; and • any other restriction advised by the optometrist or ophthalmologist. * Refer to section 10.2.7. Orthokeratology therapy for information on meeting the standard using orthokeratology therapy.",,,,,
AFTD2022-VIS-COM-004,10.3,210,221,Visual fields: unconditional,A person is not fit to hold an unconditional licence: • if the person has any visual field defect.,,,,,
AFTD2022-VIS-COM-005,10.3,210,221,Visual fields: conditional,"A conditional licence may be considered by the driver licensing authority subject to annual review, taking into account the nature of the driving task and information provided by the treating optometrist or ophthalmologist as to whether the following criteria are met: • the binocular visual field has an extent of at least 140 degrees within 10 degrees above and below the horizontal midline; and • the person has no significant visual field loss (scotoma, hemianopia, quadrantanopia) that is likely to impede driving performance; and • the visual field loss is static and unlikely to progress rapidly.",,,,,
AFTD2022-VIS-COM-006,10.3,210,221,Monocular vision,"A person is not fit to hold an unconditional licence: • if the person is monocular. A conditional licence may be considered by the driver licensing authority subject to 2-yearly review, taking into account the nature of the driving task and information provided by the treating optometrist or ophthalmologist, as to whether the following criteria are met: • the visual acuity in the remaining eye is 6/9 or better, with or without correction; and • the visual field in the remaining eye has a horizontal extent of at least 140 degrees within 10 degrees above and below the horizontal midline; and • there is no other significant visual field loss that is likely to impede driving performance.",,,,,
AFTD2022-VIS-COM-007,10.3,211,222,Diplopia,A person is not fit to hold an unconditional licence or a conditional licence: • if the person experiences any diplopia (other than physiological diplopia) within 20 degrees from central fixation.,,,,,
AFTD2022-HEAR-COM-001,4.3,109,120,Hearing: clinical assessment and audiometry,"Compliance with the standard should be clinically assessed initially. If the initial clinical assessment indicates possible hearing loss, the person should be referred for audiometry.",,,,,
AFTD2022-HEAR-COM-002,4.3,109,120,Hearing: unaided four-frequency average,"A person is not fit to hold an unconditional licence: • if the person has unaided hearing loss ≥ 40 dB in the better ear (averaged over the frequencies 0.5, 1, 2 and 3 KHz).",,,,,
AFTD2022-HEAR-COM-003,4.3,109,120,Hearing: conditional and all footnotes,"A conditional licence may be considered by the driver licensing authority subject to periodic review*, taking into account the nature of the driving task and information provided by an ENT specialist or audiologist**, as to whether: • the standard is able to be met with a hearing aid***. If the standard is not able to be met with a hearing aid, further individualised assessment should be offered. A conditional licence may be considered by the driver licensing authority subject to periodic review*, taking into account: • the nature of the driving task; and • information provided by an ENT specialist or audiologist**; and • the results of a practical driver assessment if required. * Stable conditions may not require periodic review. ** Refer to section 4.2. General assessment and management guidelines. *** In some cases, noise amplification as a result of wearing hearing aids may lead to driver distraction and may warrant individualised assessment to determine fitness to drive without the hearing aid (refer to 4.2. General assessment and management guidelines).",,,,,
AFTD2022-HEAR-COM-004,4.3,109,120,Hearing: individualised assessment and all footnotes,"If the standard is not able to be met with a hearing aid, further individualised assessment should be offered. A conditional licence may be considered by the driver licensing authority subject to periodic review*, taking into account: • the nature of the driving task; and • information provided by an ENT specialist or audiologist**; and • the results of a practical driver assessment if required. * Stable conditions may not require periodic review. ** Refer to section 4.2. General assessment and management guidelines. *** In some cases, noise amplification as a result of wearing hearing aids may lead to driver distraction and may warrant individualised assessment to determine fitness to drive without the hearing aid (refer to 4.2. General assessment and management guidelines).",,,,,
AFTD2022-DM-COM-001,3.1.1,92,103,Diabetes driving effects,"Diabetes may affect a person’s ability to drive, either through a ‘severe hypoglycaemic event’ or from end-organ effects on relevant functions, including effects on vision, the heart and the peripheral nerves and vasculature of the extremities, particularly the feet. In people with type 2 diabetes, sleep apnoea is also more common (refer to section 8. Sleep disorders). The main hazard in people with insulin-treated diabetes is the unexpected occurrence of hypoglycaemia.",,,,,
AFTD2022-DM-COM-002,3.2.1,94,105,Severe hypoglycaemia non-driving guidance,"Non-driving period after a ‘severe hypoglycaemic event’ If a severe hypoglycaemic event occurs (as defined in section 3.2.1. Hypoglycaemia), the person should not drive for a significant period of time and will need to be urgently assessed. The minimum period of time before returning to drive is generally six weeks because it often takes many weeks for patterns of glucose control and behaviour to be re-established and for any temporary ‘impaired hypoglycaemia awareness’ to resolve (see below). The non- driving period will depend on factors such as identifying the reason for the episode, the specialist’s opinion and the type of motor vehicle licence. The specialist’s recommendation for returning to driving should be based on the patient’s behaviour and objective measures of glycaemic control (documented blood glucose) over a reasonable interval. Impaired hypoglycaemic awareness 10–14",,,,,
AFTD2022-DM-COM-003,3.2.2,95,106,Acute metabolic instability,"3.2.2. Acute hyperglycaemia While acute hyperglycaemia may affect some aspects of brain function, there is not enough evidence to determine the regular effects on driving performance and related crash risk. Each person with diabetes should be counselled about managing their diabetes during days when they are unwell and should be advised not to drive if they are acutely unwell with metabolically unstable diabetes.",,,,,
AFTD2022-DM-COM-004,3.3,101,112,Diet and exercise alone,A person with diabetes treated by diet and exercise alone may drive without licence restriction. They should he reviewed by their treating doctor periodically regarding the progression of their diabetes.,,,,,
AFTD2022-DM-COM-005,3.3,101,112,Non-insulin agents: unconditional,A person is not fit to hold an unconditional licence: • if the person has non–insulin treated diabetes mellitus and is being treated with glucose-lowering agents other than insulin.,,,,,
AFTD2022-DM-COM-006,3.3,101,112,Non-insulin agents: conditional and specialist footnote,"A conditional licence may be considered by the driver licensing authority subject to at least annual review, taking into consideration the nature of the driving task and information provided by an endocrinologist or consultant physician specialising in diabetes* on whether the following criteria are met: • there is no recent history of a ‘severe hypoglycaemic event’ as assessed by the specialist; and • the person experiences early warning symptoms (awareness) of hypoglycaemia; and • the person is following a treatment regimen that minimises the risk of hypoglycaemia; and • there is an absence of end-organ effects that may affect driving as per this publication. * For a commercial driver with type 2 diabetes who is being treated with metformin alone, the annual review for a conditional licence may be undertaken by the driver’s treating doctor upon mutual agreement of the treating doctor, specialist and driver licensing authority. The initial granting of a conditional licence must, however, be based on information provided by the specialist.",,,,,
AFTD2022-DM-COM-007,3.3,102,113,Insulin-treated diabetes (except gestational diabetes),A person is not fit to hold an unconditional licence: • if the person has insulin-treated diabetes.,,,,,
AFTD2022-DM-COM-008,3.3,102,113,Insulin: conditional,"A conditional licence may be considered by the driver licensing authority subject to at least annual review, taking into consideration the nature of the driving task and information provided by an endocrinologist or consultant physician specialising in diabetes on whether the following criteria are met: • there is no recent history (generally at least 6 weeks) of a ‘severe hypoglycaemic event’ as assessed by the specialist; and • the person is following a treatment regimen that minimises the risk of hypoglycaemia; and • the person experiences early warning symptoms (awareness) of hypoglycaemia (refer to section 3.2.1); and • there are no end-organ effects that may affect driving as per this publication.",,,,,
AFTD2022-DM-COM-009,3.3.2,99,110,Commercial specialist review and glucose records,"3.3.2. Recommendation and review of conditional licences for commercial vehicle drivers It is a general requirement that conditional licences for commercial vehicle drivers are issued by the driver licensing authority based on advice from an appropriate medical specialist (endocrinologist or consultant physician specialising in diabetes) and that these drivers are reviewed periodically by the specialist to determine their ongoing fitness to drive (refer to Part A section 4.4. Conditional licences). For commercial drivers receiving insulin treatment, at least three months of blood glucose monitoring records should be reviewed in assessing fitness to drive.",,,,,
AFTD2022-DM-COM-010,3.2.4,96,107,Gestational diabetes,"3.2.4. Gestational diabetes mellitus The standards in this chapter apply to diabetes mellitus as a chronic condition. The self-limiting condition known as gestational diabetes mellitus does not affect licensing. However, consideration should be given to short-term fitness to drive in women with gestational diabetes mellitus treated with insulin, although severe hypoglycaemia in this condition is rare. Affected women should be counselled to recognise symptoms and to restrict driving when symptoms occur.",,,,,
